team,name,play_caller,status
BUF,Buffalo Bills,Joe Brady,Rising
MIA,Miami Dolphins,Bobby Slowik,Steady
NE,New England Patriots,Josh McDaniels,Rising
NYJ,New York Jets,Frank Reich,Steady
BAL,Baltimore Ravens,Declan Doyle,First Year
CIN,Cincinnati Bengals,Zac Taylor,Falling
CLE,Cleveland Browns,Todd Monken,Steady
PIT,Pittsburgh Steelers,Mike McCarthy,Steady
HOU,Houston Texans,Nick Caley,Falling
IND,Indianapolis Colts,Shane Steichen,Rising
JAX,Jacksonville Jaguars,Liam Coen,Rising
TEN,Tennessee Titans,Brian Daboll,Steady
DEN,Denver Broncos,Davis Webb,First Year
KC,Kansas City Chiefs,Andy Reid,Blue Chip
LV,Las Vegas Raiders,Klint Kubiak,Rising
LAC,Los Angeles Chargers,Mike McDaniel,Steady
DAL,Dallas Cowboys,Brian Schottenheimer,Rising
NYG,New York Giants,Matt Nagy,Steady
PHI,Philadelphia Eagles,Sean Mannion,First Year
WAS,Washington Commanders,David Blough,First Year
CHI,Chicago Bears,Ben Johnson,Blue Chip
DET,Detroit Lions,Drew Petzing,Steady
GB,Green Bay Packers,Matt LaFleur,Steady
MIN,Minnesota Vikings,Kevin O'Connell,Blue Chip
ATL,Atlanta Falcons,Tommy Rees,First Year
CAR,Carolina Panthers,Brad Idzik,First Year
NO,New Orleans Saints,Kellen Moore,Rising
TB,Tampa Bay Buccaneers,Zac Robinson,Falling
ARI,Arizona Cardinals,Mike LaFleur,Steady
LAR,Los Angeles Rams,Sean McVay,Blue Chip
SF,San Francisco 49ers,Kyle Shanahan,Blue Chip
SEA,Seattle Seahawks,Brian Fleury,First Year
